{
  "args": {
    "r_max": 0.15,
    "categories": 3,
    "seed": 109,
    "output_dir": "L:\\UserData\\rotal\\master_thesis\\cmdp",
    "constrained_cats": null,
    "eta": 0.1,
    "n_dual": 100,
    "num_repeats": 100,
    "run_group": "20260616_135835_bf1.0",
    "cpu_cores": "12-13",
    "failure_cost_coef": 1.0
  },
  "tokens": {
    "r": "r0.15",
    "bf": "bf1.0"
  },
  "scenario": {
    "categories": 3,
    "node_list": [
      60,
      30,
      10
    ],
    "active_cats": [
      0,
      2,
      4
    ],
    "boundaries": [
      0,
      60,
      90,
      100
    ]
  },
  "constrained_cats": [
    0,
    2,
    4
  ],
  "failure_thresholds": {
    "0": [
      3.5999999999999996,
      0.5399999999999999
    ],
    "2": [
      2.6999999999999997,
      5.9399999999999995
    ],
    "4": [
      16.2,
      24.84
    ]
  },
  "cmdp_train_until": {
    "0": 100,
    "2": 100,
    "4": 100
  }
}