{
  "args": {
    "r_max": 0.125,
    "categories": 4,
    "seed": 103,
    "output_dir": "L:\\UserData\\rotal\\master_thesis\\cmdp",
    "constrained_cats": null,
    "eta": 0.1,
    "n_dual": 100,
    "num_repeats": 100,
    "run_group": "20260616_135835_bf1.0",
    "cpu_cores": "10-11",
    "failure_cost_coef": 1.0
  },
  "tokens": {
    "r": "r0.125",
    "bf": "bf1.0"
  },
  "scenario": {
    "categories": 4,
    "node_list": [
      60,
      40,
      20,
      10
    ],
    "active_cats": [
      0,
      1,
      3,
      4
    ],
    "boundaries": [
      0,
      60,
      100,
      120,
      130
    ]
  },
  "constrained_cats": [
    0,
    1,
    3,
    4
  ],
  "failure_thresholds": {
    "0": [
      3.0,
      0.44999999999999996
    ],
    "1": [
      4.5,
      0.675
    ],
    "3": [
      3.5999999999999996,
      13.799999999999999
    ],
    "4": [
      10.5,
      20.700000000000003
    ]
  },
  "cmdp_train_until": {
    "0": 100,
    "1": 100,
    "3": 100,
    "4": 100
  }
}