{
  "args": {
    "r_max": 0.15,
    "categories": 4,
    "seed": 106,
    "output_dir": "L:\\UserData\\rotal\\master_thesis\\cmdp",
    "constrained_cats": null,
    "eta": 0.1,
    "n_dual": 100,
    "num_repeats": 100,
    "run_group": "20260616_135835_bf0.0",
    "cpu_cores": "12-13",
    "failure_cost_coef": 0.0
  },
  "tokens": {
    "r": "r0.15",
    "bf": "bf0.0"
  },
  "scenario": {
    "categories": 4,
    "node_list": [
      60,
      40,
      20,
      10
    ],
    "active_cats": [
      0,
      1,
      3,
      4
    ],
    "boundaries": [
      0,
      60,
      100,
      120,
      130
    ]
  },
  "constrained_cats": [
    0,
    1,
    3,
    4
  ],
  "failure_thresholds": {
    "0": [
      3.5999999999999996,
      0.5399999999999999
    ],
    "1": [
      5.3999999999999995,
      0.8099999999999999
    ],
    "3": [
      4.319999999999999,
      16.56
    ],
    "4": [
      12.599999999999998,
      24.84
    ]
  },
  "cmdp_train_until": {
    "0": 100,
    "1": 100,
    "3": 100,
    "4": 100
  }
}