{
  "args": {
    "r_max": 0.075,
    "categories": 3,
    "seed": 104,
    "output_dir": "L:\\UserData\\rotal\\master_thesis\\cmdp",
    "constrained_cats": null,
    "eta": 0.1,
    "n_dual": 100,
    "num_repeats": 100,
    "run_group": "20260616_135835_bf0.0",
    "cpu_cores": "4-5",
    "failure_cost_coef": 0.0
  },
  "tokens": {
    "r": "r0.075",
    "bf": "bf0.0"
  },
  "scenario": {
    "categories": 3,
    "node_list": [
      60,
      30,
      10
    ],
    "active_cats": [
      0,
      2,
      4
    ],
    "boundaries": [
      0,
      60,
      90,
      100
    ]
  },
  "constrained_cats": [
    0,
    2,
    4
  ],
  "failure_thresholds": {
    "0": [
      1.7999999999999998,
      0.26999999999999996
    ],
    "2": [
      1.3499999999999999,
      2.9699999999999998
    ],
    "4": [
      8.1,
      12.42
    ]
  },
  "cmdp_train_until": {
    "0": 100,
    "2": 100,
    "4": 100
  }
}