variable,label,mann_whitney_U,mann_whitney_p,rank_biserial_r,kruskal_wallis_H,kruskal_wallis_p,n_tercile_1,n_tercile_3,mean_dist_tercile_1,mean_dist_tercile_3
percentage_met_herkomstland_buiten_europa,Non-European background,2168.0,0.020047602211036828,-0.24884792626728114,5.436340710847674,0.06599539214196239,62,56,1533.9818053007496,1114.379694480454
personenautos_per_huishouden,Car ownership,186.0,6.698323613874544e-14,0.8590909090909091,67.18969774694017,2.570055570511805e-15,55,48,643.8454412154131,2206.6456272376636
gemiddeld_inkomen_per_inwoner,Income,736.0,0.09173085034433295,-0.23697478991596643,2.6323407056474935,0.2681602973533153,35,34,861.3286997382343,794.0710227442272
gemiddelde_woz_waarde,Property value (WOZ),609.0,0.7083303725681533,-0.05363321799307963,2.1967735862081668,0.33340850699668734,34,34,811.7069092296966,992.7197558521011
