variable,label,mann_whitney_U,mann_whitney_p,rank_biserial_r,kruskal_wallis_H,kruskal_wallis_p,n_tercile_1,n_tercile_3,mean_dist_tercile_1,mean_dist_tercile_3
percentage_met_herkomstland_buiten_europa,Non-European background,1976.0,0.19680000114055107,-0.13824884792626735,1.4693862064265204,0.47965264024305176,62,56,820.641371623769,687.3909916210781
personenautos_per_huishouden,Car ownership,182.0,5.473595985313279e-14,0.8621212121212121,70.48556552375749,4.945997808560261e-16,55,48,386.6856905908229,1462.3673617255208
gemiddeld_inkomen_per_inwoner,Income,671.0,0.3648399232821016,-0.12773109243697478,1.6082611233193802,0.4474768109752101,35,34,432.99343338642626,466.569062744863
gemiddelde_woz_waarde,Property value (WOZ),534.0,0.5936518096157213,0.07612456747404839,3.9908758574378,0.13595410292207888,34,34,407.2735810303131,612.1554660961527
