variable,label,mann_whitney_U,mann_whitney_p,rank_biserial_r,kruskal_wallis_H,kruskal_wallis_p,n_tercile_1,n_tercile_3,mean_dist_tercile_1,mean_dist_tercile_3
percentage_met_herkomstland_buiten_europa,Non-European background,2192.0,0.0140963985592051,-0.2626728110599079,5.969169708640607,0.05056048916142887,62,56,683.5368525480034,501.52783461661005
personenautos_per_huishouden,Car ownership,130.0,3.7243809932532196e-15,0.9015151515151515,82.54922286770761,1.1875831078539587e-18,55,48,269.64619057920953,1244.0693253653892
gemiddeld_inkomen_per_inwoner,Income,475.0,0.15149041106559688,0.2016806722689075,2.1049786367663046,0.34906772597090546,35,34,292.6577520876036,408.95815047985275
gemiddelde_woz_waarde,Property value (WOZ),386.0,0.018831312048118054,0.33217993079584773,7.982880426255576,0.018473089765657792,34,34,288.6142816415912,525.1609713453852
