variable,label,mann_whitney_U,mann_whitney_p,rank_biserial_r,kruskal_wallis_H,kruskal_wallis_p,n_tercile_1,n_tercile_3,mean_dist_tercile_1,mean_dist_tercile_3
percentage_met_herkomstland_buiten_europa,Non-European background,2045.0,0.09639661353377056,-0.17799539170506917,2.605008676806051,0.2718501351059989,62,56,928.8671189297489,742.3166805024995
personenautos_per_huishouden,Car ownership,170.0,2.9744006606414183e-14,0.8712121212121212,69.76114196451351,7.104941342064909e-16,55,48,465.28089380842675,1446.5640427212636
gemiddeld_inkomen_per_inwoner,Income,641.0,0.5849908536251482,-0.07731092436974785,2.470137661937258,0.2908147446183755,35,34,486.772487446651,524.1830183913945
gemiddelde_woz_waarde,Property value (WOZ),538.0,0.6280386038791321,0.0692041522491349,3.948577892695539,0.13886001406780182,34,34,466.5097241394963,619.7660701331392
