variable,label,mann_whitney_U,mann_whitney_p,rank_biserial_r,kruskal_wallis_H,kruskal_wallis_p,n_tercile_1,n_tercile_3,mean_dist_tercile_1,mean_dist_tercile_3
percentage_met_herkomstland_buiten_europa,Non-European background,1836.0,0.5918002358735008,-0.05760368663594462,0.25252113801161613,0.8813851552058367,62,56,915.5052835445683,874.2915623060461
personenautos_per_huishouden,Car ownership,224.0,4.4071237095389203e-13,0.8303030303030303,61.51664119619829,4.383601749979029e-14,55,48,471.454186034659,1663.859150939602
gemiddeld_inkomen_per_inwoner,Income,731.0,0.1038804729528394,-0.22857142857142865,4.173371267551829,0.12409776038697073,35,34,534.6641725737833,526.5014618057334
gemiddelde_woz_waarde,Property value (WOZ),619.0,0.6193618830959837,-0.07093425605536341,4.082852184936712,0.12984341007261838,34,34,490.5733017993744,685.1395463118921
