variable,label,mann_whitney_U,mann_whitney_p,rank_biserial_r,kruskal_wallis_H,kruskal_wallis_p,n_tercile_1,n_tercile_3,mean_dist_tercile_1,mean_dist_tercile_3
percentage_met_herkomstland_buiten_europa,Non-European background,1944.0,0.26345311281689043,-0.1198156682027649,1.9555082795004068,0.3761549423522174,62,56,2061.479242463314,1756.8799413878205
personenautos_per_huishouden,Car ownership,275.0,5.010932349811584e-12,0.7916666666666666,57.24802787677129,3.704662904013984e-13,55,48,985.7164900614849,3147.9752335000762
gemiddeld_inkomen_per_inwoner,Income,804.0,0.012331943383102955,-0.35126050420168076,5.62473699730333,0.06006256568438356,35,34,1468.4540026813252,1093.0700418304277
gemiddelde_woz_waarde,Property value (WOZ),663.0,0.2999972469127147,-0.1470588235294117,2.9288168142537074,0.2312147360147879,34,34,1377.8325683702374,1447.501923172922
