variable,label,mann_whitney_U,mann_whitney_p,rank_biserial_r,kruskal_wallis_H,kruskal_wallis_p,n_tercile_1,n_tercile_3,mean_dist_tercile_1,mean_dist_tercile_3
percentage_met_herkomstland_buiten_europa,Non-European background,2033.0,0.11006328084663469,-0.17108294930875578,2.7491841648218838,0.2529427545617909,62,56,1320.934762467718,1070.3332017257699
personenautos_per_huishouden,Car ownership,202.0,1.491942206370828e-13,0.8469696969696969,67.31945613518519,2.4086064104344412e-15,55,48,615.6153581036842,2055.3336302899256
gemiddeld_inkomen_per_inwoner,Income,753.0,0.05870740843120495,-0.2655462184873949,3.5066830459615517,0.173194242905692,35,34,810.7948434519385,712.1839685409005
gemiddelde_woz_waarde,Property value (WOZ),623.0,0.5851916382936845,-0.07785467128027679,2.677779730264035,0.26213651399599597,34,34,765.1221421478759,912.2672420816116
