{
  "args": {
    "r_max": 0.05,
    "categories": 4,
    "seed": 100,
    "output_dir": "L:\\UserData\\rotal\\master_thesis\\cmdp",
    "constrained_cats": null,
    "eta": 0.1,
    "n_dual": 100,
    "num_repeats": 100,
    "run_group": "20260616_135835_bf1.0",
    "cpu_cores": "0-1",
    "failure_cost_coef": 1.0
  },
  "tokens": {
    "r": "r0.05",
    "bf": "bf1.0"
  },
  "scenario": {
    "categories": 4,
    "node_list": [
      60,
      40,
      20,
      10
    ],
    "active_cats": [
      0,
      1,
      3,
      4
    ],
    "boundaries": [
      0,
      60,
      100,
      120,
      130
    ]
  },
  "constrained_cats": [
    0,
    1,
    3,
    4
  ],
  "failure_thresholds": {
    "0": [
      1.2000000000000002,
      0.18000000000000002
    ],
    "1": [
      1.8000000000000003,
      0.2700000000000001
    ],
    "3": [
      1.4400000000000002,
      5.5200000000000005
    ],
    "4": [
      4.200000000000001,
      8.280000000000001
    ]
  },
  "cmdp_train_until": {
    "0": 100,
    "1": 100,
    "3": 100,
    "4": 100
  }
}