{
  "args": {
    "r_max": 0.05,
    "categories": 3,
    "seed": 103,
    "output_dir": "L:\\UserData\\rotal\\master_thesis\\cmdp",
    "constrained_cats": null,
    "eta": 0.1,
    "n_dual": 100,
    "num_repeats": 100,
    "run_group": "20260616_135835_bf1.0",
    "cpu_cores": "0-1",
    "failure_cost_coef": 1.0
  },
  "tokens": {
    "r": "r0.05",
    "bf": "bf1.0"
  },
  "scenario": {
    "categories": 3,
    "node_list": [
      60,
      30,
      10
    ],
    "active_cats": [
      0,
      2,
      4
    ],
    "boundaries": [
      0,
      60,
      90,
      100
    ]
  },
  "constrained_cats": [
    0,
    2,
    4
  ],
  "failure_thresholds": {
    "0": [
      1.2000000000000002,
      0.18000000000000002
    ],
    "2": [
      0.9000000000000001,
      1.9800000000000002
    ],
    "4": [
      5.4,
      8.280000000000001
    ]
  },
  "cmdp_train_until": {
    "0": 100,
    "2": 100,
    "4": 100
  }
}