band,pct_addresses_in_band
0 stations,12.110653407296024
1 station,11.779906240917878
2-4 stations,20.517696710850526
5-9 stations,24.982625507019296
10+ stations,30.609118133916276
