band,pct_addresses_in_band
0 stations,12.066111525290944
1 station,11.06502482972997
2-4 stations,20.610571273329207
5-9 stations,25.222393510153022
10+ stations,31.035898861496857
