area_level,area_label,pct_covered_by_same_area_station,pct_has_outside_area_option,pct_only_outside_area_options,pct_nearest_station_outside_area
pc4,PC4,78.93832370891722,78.94608204328244,10.18442306240767,26.83281875069639
pc6,PC6,5.059136456108872,98.70641473084153,94.24374323824037,94.9065304670062
buurten,CBS buurten,77.69841670983965,84.39322979379553,11.59518221257355,28.147610335742705
wijken,CBS wijken,84.30798973957214,65.83231195568958,4.074847512211603,15.184800462944658
k20_zones,Service zones (K=20),87.04652573320361,36.78684777100054,0.9589567930299513,5.254853191191112
