area_level,n_areas,pct_addresses_house_vs_nearest_station_area_mismatch,pct_addresses_mismatch_within_500m_nearest_station,pct_covered_addresses_with_any_cross_boundary_station_500m,pct_covered_addresses_with_no_same_area_station_500m,pct_covered_addresses_with_nearest_station_outside_area_500m,pct_addresses_with_same_area_station_500m
pc4,83,32.68589366293899,27.0610111822063,79.08535709153614,10.2144704698951,27.02902715907458,78.95190740342942
pc6,15271,96.46089872028514,96.17850628238129,98.69844805288116,94.2301336398908,94.89905158787182,5.073667850238189
buurten,181,32.22571791513364,27.931149985413136,84.49274321023135,11.437347320017244,27.859606265268,77.87658423785997
wijken,68,20.151713578934714,14.872480519853934,66.20275901710015,3.855079752838052,14.865641615174594,84.54396694423735
k20_zones,20,6.264603476532418,5.360763847619459,36.92412702974565,0.9692484552378215,5.347032619629257,87.08159061903739
