variable,label,mann_whitney_U,mann_whitney_p,rank_biserial_r,kruskal_wallis_H,kruskal_wallis_p,n_tercile_1,n_tercile_3,mean_dist_tercile_1,mean_dist_tercile_3
percentage_met_herkomstland_buiten_europa,Non-European background,1879.0,0.4425072213915776,-0.08237327188940102,1.5454422200458566,0.46175487143272165,62,56,2093.8534401425372,1865.1299440670684
personenautos_per_huishouden,Car ownership,321.0,4.079613451192689e-11,0.7568181818181818,51.91042334427664,5.343118353113183e-12,55,48,1042.5197993139313,3231.6129093455747
gemiddeld_inkomen_per_inwoner,Income,823.0,0.006322947695810933,-0.38319327731092434,6.7495279532896575,0.03422619553992737,35,34,1600.637695227004,1088.4902274448605
gemiddelde_woz_waarde,Property value (WOZ),686.0,0.18732059231854303,-0.18685121107266434,4.27716752122808,0.11782158849229638,34,34,1506.9785502863779,1471.3682469308246
